<?xml version="1.0" encoding="UTF-8"?>

<!DOCTYPE hibernate-configuration SYSTEM
"http://www.hibernate.org/dtd/hibernate-configuration-3.0.dtd">

<hibernate-configuration>
	<session-factory>
		<property name="hibernate.dialect">org.hibernate.dialect.MariaDB53Dialect</property>
		<property name="hibernate.connection.driver_class">org.mariadb.jdbc.Driver</property>
		<property name="hibernate.connection.url">jdbc:mariadb://127.0.0.1:3306/onlinemusicportalsystem</property>
		<property name="hibernate.connection.username">root</property>
		<property name="hibernate.connection.password">root</property>
		<property name="hibernate.hbm2ddl.auto">update</property>
		 <property name="show_sql">true</property> 
		<mapping class="com.onlinemusic.model.User" />
		<mapping class="com.onlinemusic.model.Song" />
		<mapping class="com.onlinemusic.model.Purchase" />
		<mapping class="com.onlinemusic.model.Admin" />
	</session-factory>
</hibernate-configuration>