<?xml version = "1.0" encoding = "utf-8"?>
<!DOCTYPE hibernate-mapping PUBLIC
"-//Hibernate/Hibernate Mapping DTD//EN"
"http://www.hibernate.org/dtd/hibernate-mapping-3.0.dtd">

<hibernate-mapping>
   <class name = "com.jouve.Product" table = "PRODUCT">

      <meta attribute = "class-description">
         This class contains the Product details.
      </meta>

      <id name = "productID" type = "int" column = "product_id">
         <generator class="native"/>
      </id>

      <property name = "productName" column = "product_name" type = "string"/>
      <property name = "productType" column = "product_type" type = "string"/>
      <property name = "productCost" column = "product_cost" type = "int"/>

   </class>
</hibernate-mapping>