<?xml version="1.0" encoding="utf-8"?>
<!DOCTYPE hibernate-configuration SYSTEM
"http://www.hibernate.org/dtd/hibernate-configuration-3.0.dtd">

<hibernate-configuration>
	<session-factory>
		<property name="hibernate.dialect">org.hibernate.dialect.MariaDB53Dialect</property>
		<property name="hibernate.connection.driver_class">org.mariadb.jdbc.Driver</property>
		<property name="hibernate.connection.url">jdbc:mariadb://192.168.0.226:3306/TestSchema</property>
		<property name="hibernate.connection.username">1552</property>
		<property name="hibernate.connection.password">sath123</property>
		<property name="hibernate.hbm2ddl.auto">update</property>
		<property name="show_sql">true</property>
		<mapping class="com.jouve.model.User" />
		<mapping class="com.jouve.model.Employee" />
		<mapping class="com.jouve.model.Address" />
	</session-factory>
</hibernate-configuration>