<?xml version="1.0" encoding="UTF-8"?>
<beans xmlns="http://www.springframework.org/schema/beans"
	xmlns:context="http://www.springframework.org/schema/context"
	xmlns:xsi="http://www.w3.org/2001/XMLSchema-instance"
	xsi:schemaLocation="
   http://www.springframework.org/schema/beans
   http://www.springframework.org/schema/beans/spring-beans-3.0.xsd
   http://www.springframework.org/schema/context
   http://www.springframework.org/schema/context/spring-context-3.0.xsd">

	<context:component-scan base-package="com.jouve" />
	<context:annotation-config />

	<!--
	<bean id="userService" class="com.jouve.service.UserServiceImpl" />
	<bean id="userDao" class="com.jouve.daoImpl.UserDaoImpl" />  -->
	<bean id="loginValidator" class="com.jouve.validator.LoginValidator"></bean>
	<bean id="userValidator" class="com.jouve.validator.UserValidator"></bean>

	<!-- <bean id="jdbcTemplate" class="org.springframework.jdbc.core.JdbcTemplate">
		<property name="dataSource" ref="datasource" />
	</bean>

	<bean id="datasource" class="org.springframework.jdbc.datasource.DriverManagerDataSource">
		<property name="driverClassName" value="org.mariadb.jdbc.Driver"></property>
		<property name="url" value="jdbc:mariadb://192.168.0.226:3306/TestSchema"></property>
		<property name="username" value="1552"></property>
		<property name="password" value="sath123"></property>
	</bean> -->

</beans>