<?xml version="1.0" encoding="UTF-8"?>
<beans xmlns="http://www.springframework.org/schema/beans"
	xmlns:context="http://www.springframework.org/schema/context"
	xmlns:xsi="http://www.w3.org/2001/XMLSchema-instance"
	xsi:schemaLocation="
   http://www.springframework.org/schema/beans     
   http://www.springframework.org/schema/beans/spring-beans-3.0.xsd
   http://www.springframework.org/schema/context 
   http://www.springframework.org/schema/context/spring-context-3.0.xsd">
	
	<context:component-scan base-package="com.onlinemusic"/>
	<context:annotation-config />
	
	<!-- <bean id="userDao" class="com.onlinemusic.daoImpl.UserDaoImpl" />
	  <bean id="songDao" class="com.onlinemusic.daoImpl.SongDaoImpl" />  
	  <bean id="purchaseDao" class="com.onlinemusic.daoImpl.PurchaseDaoImpl" /> -->

		<bean id="loginValidator" class="com.onlinemusic.validator.LoginValidator"></bean>
		<bean id="userValidator" class="com.onlinemusic.validator.UserValidator"></bean>
		 <bean id="songValidator" class="com.onlinemusic.validator.SongValidator"></bean> 
		  <bean id="AdminValidator" class="com.onlinemusic.validator.AdminValidator"></bean>  
	 
	
	
	
	
	<!-- <bean id="datasource" class="org.springframework.jdbc.datasource.DriverManagerDataSource">
		<property name="driverClassName" value="org.mariadb.jdbc.Driver"></property>
		<property name="url" value="jdbc:mariadb://127.0.0.1:3306/onlinemusic"/>
		<property name="username" value="root"></property>
		<property name="password" value="root"></property>
	</bean> -->

</beans>